visa,visa extension,send money,safe,insurance,accommodation,classmates ,teachers,genaral people,police ,tax,ATM,racial decimation,food,changing climate,political problem,corruption,education curriculum,health service ,festivals,first meeting,vehicle,celebrating the own religion,sexual harassment,transport system,Response
1,1,0,1,0,1,1,0,0,0,1,1,1,1,0,1,1,0,1,1,1,0,1,0,0,0
1,0,1,1,0,0,1,1,1,1,1,1,1,1,0,1,0,1,1,1,1,0,1,1,0,1
1,0,1,1,1,1,1,1,1,1,1,0,1,0,1,1,1,1,0,1,1,1,0,1,0,1
1,0,1,1,1,1,1,1,1,1,1,0,1,1,1,1,1,1,1,1,1,0,1,1,1,1
0,0,0,1,0,1,1,1,1,0,1,1,0,0,0,1,1,0,0,0,0,0,1,1,0,0
1,0,1,1,0,1,1,1,0,0,0,0,1,1,0,1,1,1,1,0,1,0,1,1,1,1
0,0,1,1,0,0,1,0,1,1,1,1,0,0,0,1,0,1,0,1,0,0,1,1,1,0
0,1,0,1,0,0,0,1,0,1,0,1,0,0,0,1,0,0,1,0,0,0,1,1,0,0
0,1,0,1,0,0,0,1,0,1,0,1,0,0,0,1,0,0,1,0,0,0,1,1,0,0
1,0,1,1,0,0,1,1,0,1,1,1,1,1,1,1,1,1,1,1,0,0,1,1,0,1
1,0,1,1,0,1,0,1,1,1,0,0,0,0,1,1,1,1,1,1,0,0,1,1,1,1
0,0,1,0,0,0,1,1,1,1,1,1,1,1,0,1,1,1,1,0,1,0,1,1,0,1
1,1,0,1,0,1,1,0,0,0,1,1,0,1,1,1,1,0,1,1,0,1,1,0,1,1
0,1,0,1,0,0,1,0,0,1,0,0,0,1,0,1,0,0,0,0,0,0,1,1,0,0
1,0,0,1,0,1,0,1,0,1,1,1,1,1,0,1,1,0,1,1,0,1,1,1,0,1
1,0,0,1,0,1,0,1,0,1,1,1,1,1,0,1,1,0,1,1,1,1,1,1,0,1
1,1,1,1,0,0,1,0,1,1,1,0,1,0,0,1,1,1,0,0,1,0,1,1,1,1
1,1,1,1,0,1,0,0,1,1,0,0,0,0,0,1,1,0,1,0,1,0,1,0,1,0
1,0,1,1,0,1,1,1,0,0,0,0,1,0,0,1,1,0,1,1,1,0,0,1,1,0
1,1,0,1,0,1,1,1,1,1,1,1,0,0,1,0,0,0,0,1,1,0,0,1,1,0
1,1,1,1,0,1,1,1,1,1,0,0,0,0,1,1,1,1,0,1,1,0,1,1,1,1
1,0,1,1,0,1,1,1,1,0,1,1,0,1,0,1,1,1,0,0,1,0,1,1,1,1
1,0,1,1,0,1,1,1,1,1,1,1,0,1,1,0,1,0,1,0,1,0,1,1,0,1
1,1,1,1,0,0,1,1,1,1,1,1,1,1,0,1,1,1,1,1,1,0,1,1,0,1
1,1,0,1,0,0,1,0,1,1,1,1,0,1,0,1,1,1,1,1,1,0,1,1,1,1
1,1,0,1,0,1,1,0,1,1,1,1,0,1,0,1,1,1,1,1,1,0,1,1,1,1
1,0,1,1,1,1,1,1,1,1,1,0,1,0,1,1,1,1,0,1,1,0,0,1,1,1
1,1,1,1,0,1,1,1,1,0,1,1,1,0,0,1,1,0,1,1,1,0,1,1,0,1
1,1,1,1,0,0,1,1,1,0,1,1,1,1,0,1,0,0,1,1,1,0,1,1,0,1
1,0,1,1,1,1,1,1,1,1,1,0,1,0,1,1,1,1,0,1,1,0,0,1,0,1
1,0,1,1,1,1,1,1,1,1,0,0,1,1,0,1,1,1,1,1,1,0,1,1,0,1
1,1,1,1,0,0,1,0,1,1,1,1,1,0,0,1,1,0,1,1,1,0,1,1,0,1
1,0,1,1,0,1,1,1,1,0,1,1,1,1,1,1,1,1,1,1,1,0,1,1,1,1
1,1,1,1,0,0,1,1,1,1,1,1,1,0,0,1,1,1,1,1,1,0,1,1,0,1
1,1,0,1,0,1,1,1,1,1,1,0,1,1,0,1,0,1,1,1,1,1,1,1,0,1
1,0,1,1,0,1,1,1,0,0,1,0,1,1,1,1,1,1,0,0,1,0,1,1,0,1
0,0,0,1,0,1,1,1,1,1,1,1,1,1,1,1,1,1,1,0,1,0,1,1,1,1
1,1,1,1,1,1,1,1,1,1,0,0,0,0,0,1,0,0,1,1,0,0,1,1,1,1
1,0,1,1,0,1,1,1,1,1,1,1,1,1,1,1,1,1,1,1,1,0,1,1,1,1
1,0,1,1,0,1,1,1,1,0,1,1,1,0,0,1,1,1,1,0,1,1,1,1,1,1
0,1,1,1,0,1,1,1,1,1,0,1,1,0,0,1,0,1,1,1,0,0,1,1,0,1
1,1,0,1,0,1,1,1,1,1,1,1,1,0,0,1,0,1,1,1,0,0,1,0,1,1
1,0,1,1,0,0,1,1,1,1,1,1,1,1,0,1,0,1,1,1,0,0,1,1,1,1
0,1,0,0,1,0,0,1,0,0,0,1,1,0,0,1,1,0,1,0,1,0,1,0,0,0
1,0,0,1,0,1,1,1,1,1,1,1,1,0,0,0,0,1,0,1,1,0,0,0,0,0
1,0,1,1,0,1,1,0,1,1,1,1,0,1,0,1,1,1,0,1,1,0,1,0,0,1
1,0,1,1,1,1,1,1,0,1,0,1,1,1,1,0,0,0,1,1,0,0,1,0,0,0
1,1,1,1,0,1,0,1,1,0,0,0,0,1,0,0,0,0,0,1,0,1,0,0,0,0
0,1,1,1,0,1,1,1,1,1,1,1,1,0,0,1,0,1,1,1,0,0,1,1,1,1
1,0,1,1,0,1,0,0,1,0,1,1,0,1,0,1,1,1,0,0,1,0,1,1,0,0
1,1,1,1,0,1,1,1,1,1,1,1,0,1,1,0,1,0,1,1,0,0,0,1,1,1
1,1,1,1,0,1,1,1,1,1,1,1,1,0,1,1,1,1,1,1,1,1,0,1,0,1
1,1,1,1,0,0,1,1,1,1,1,1,1,0,0,1,1,0,0,1,1,0,1,1,1,1
1,1,1,1,0,1,1,1,1,0,1,1,1,0,0,1,1,1,1,0,1,0,1,1,1,1
1,0,0,1,0,0,1,1,1,0,1,1,1,1,1,1,1,1,1,1,1,0,1,1,0,1
1,0,1,1,0,1,1,1,1,1,1,1,0,1,0,1,1,1,0,1,1,0,1,1,0,1
1,0,1,1,1,1,1,1,0,1,1,0,1,1,1,1,1,1,1,1,1,0,1,1,0,1
1,0,1,1,0,0,1,1,1,1,1,1,1,0,1,1,0,1,0,0,0,1,0,1,1,1
1,0,0,1,1,1,1,1,1,1,1,1,1,1,1,1,1,1,1,1,1,0,1,1,1,1
1,0,0,1,0,1,1,1,1,1,1,0,1,1,0,1,1,0,0,1,0,0,1,1,0,0
0,1,1,1,0,0,1,0,0,1,0,1,0,0,0,0,1,1,1,1,1,0,0,1,1,0
1,1,1,0,0,1,1,1,1,0,1,1,1,0,0,1,0,0,1,0,1,0,1,0,0,0
1,0,0,0,0,1,0,0,0,1,1,0,0,1,0,1,1,0,1,0,0,0,1,0,0,0
0,0,0,1,0,1,1,1,1,0,1,1,0,1,0,1,1,1,1,1,1,0,1,1,0,1
0,0,0,0,0,0,1,1,1,1,1,1,0,1,0,1,1,1,0,1,1,0,1,1,0,0
1,0,1,0,0,1,0,0,1,0,1,1,1,0,0,1,1,0,1,1,0,1,0,0,1,0
0,0,0,1,0,0,1,1,1,1,1,1,1,0,0,0,0,1,1,0,0,0,1,1,1,0
0,0,1,1,0,0,0,0,0,0,1,1,0,0,0,0,0,0,0,0,0,0,1,0,0,0
0,0,1,0,0,1,1,1,1,0,1,1,1,1,0,1,1,1,1,1,1,0,1,1,1,1
0,0,0,0,1,1,1,0,1,1,0,1,1,0,0,1,1,0,1,1,1,0,1,1,0,0
1,0,1,1,0,1,1,1,1,1,1,1,0,0,1,1,1,1,0,1,0,1,0,1,0,1
0,1,1,1,0,1,1,1,1,1,0,1,1,1,0,1,1,1,0,1,1,1,1,1,1,1
1,1,0,1,0,0,1,1,1,0,1,1,1,1,1,1,1,1,1,1,1,0,1,1,0,1
1,0,0,1,0,1,1,1,1,1,1,1,1,1,0,1,1,1,1,1,1,1,1,1,1,1
1,1,1,0,0,0,0,0,1,1,1,1,0,0,0,0,0,0,0,1,0,0,1,0,1,0
0,1,0,1,0,1,1,1,1,1,1,1,1,1,0,1,1,0,1,1,1,1,1,1,1,1
0,1,1,1,0,1,0,0,0,0,1,0,0,1,0,0,0,0,0,0,1,0,1,1,0,0
0,0,1,1,0,1,1,0,0,0,1,1,1,0,0,1,1,1,1,1,1,0,1,1,1,1
0,0,1,0,0,1,1,1,0,1,0,1,1,1,0,1,1,1,1,1,1,0,1,1,0,1
1,0,1,1,0,1,1,1,1,1,1,1,1,1,0,1,1,1,1,1,1,0,1,1,1,1
1,0,1,1,0,1,1,1,1,1,1,1,1,0,0,1,1,0,1,1,0,0,1,1,0,1
1,0,1,0,0,1,1,1,0,1,1,1,0,0,0,1,0,1,1,0,1,0,1,1,0,0
1,1,1,1,0,0,1,1,1,0,1,0,0,0,0,0,0,0,0,1,0,0,1,1,1,0
1,1,0,1,0,1,0,1,1,1,1,1,1,1,0,1,1,1,1,1,1,0,1,1,1,1
0,0,0,0,0,0,1,0,0,0,0,1,1,0,1,0,1,0,0,0,1,0,1,0,0,0
1,1,1,1,0,1,1,0,0,0,1,1,1,1,0,1,1,1,1,1,1,0,1,1,0,1
1,0,1,1,0,1,1,1,1,1,0,1,1,1,1,1,1,1,1,1,1,1,1,1,1,1
1,0,0,1,0,0,1,1,1,0,0,0,1,1,1,1,1,1,1,1,1,0,1,1,1,1
1,0,0,1,0,0,1,1,1,1,1,0,1,0,0,1,1,0,1,1,0,0,1,1,1,0
1,0,0,1,0,1,1,1,1,1,1,1,1,1,0,1,1,1,1,1,1,0,1,1,1,1
1,0,0,1,1,1,1,1,1,1,1,1,1,1,0,1,1,1,1,1,0,0,1,1,0,1
1,1,1,1,0,1,0,1,1,1,1,1,1,0,0,1,1,0,1,1,0,0,0,1,0,1
1,0,0,1,0,0,1,0,0,0,0,0,0,0,0,1,1,1,1,0,1,1,1,1,0,0
1,0,0,1,0,1,1,0,1,1,0,1,1,1,1,1,1,1,1,0,1,0,1,1,0,1
0,0,1,1,0,1,1,1,1,1,1,1,0,1,0,1,1,1,0,1,1,0,0,1,1,1
0,0,1,0,0,0,1,1,1,1,0,1,1,1,0,1,1,1,1,1,0,1,1,0,1,1
0,1,1,1,1,1,0,0,0,1,0,1,1,0,0,1,1,1,1,1,0,0,1,1,0,0
1,0,1,1,0,1,1,1,0,1,1,0,1,1,0,1,1,0,0,1,1,0,1,1,1,1
1,1,1,1,0,0,1,1,1,1,0,1,1,1,0,1,1,1,0,0,1,0,0,1,0,1
1,0,0,1,0,1,1,1,1,1,1,1,1,0,0,1,0,1,0,1,0,0,1,1,1,1
1,0,1,1,0,1,1,1,1,1,1,1,1,0,0,1,0,1,1,1,0,0,1,1,0,1
1,1,1,1,0,1,1,1,0,0,1,1,0,1,0,1,1,1,1,0,0,0,1,0,0,0
1,0,0,1,0,0,1,1,1,1,1,0,1,0,0,1,0,1,1,0,1,0,1,1,0,0
1,0,0,1,0,1,1,1,1,1,1,1,0,1,0,1,1,1,1,1,1,0,1,1,0,1
1,0,0,1,0,1,1,1,1,1,1,0,1,1,0,1,1,1,1,1,1,0,1,1,1,1
1,0,1,1,0,1,1,1,1,1,1,1,1,1,1,1,1,1,1,1,1,0,1,1,1,1
1,0,1,1,0,1,1,1,1,1,1,1,1,1,0,1,1,1,1,0,1,1,1,1,1,1
1,0,1,1,0,1,1,1,1,1,1,1,1,0,1,1,0,1,1,1,1,0,1,1,0,1
1,0,1,1,0,1,0,1,1,1,1,1,1,1,0,1,1,1,0,1,1,0,1,1,0,1
1,0,1,1,0,1,1,1,1,1,1,1,0,0,0,1,1,0,0,0,0,0,1,1,1,0
0,1,1,1,1,0,0,0,0,1,0,1,1,0,0,1,1,1,1,1,0,0,1,0,0,0
1,0,1,1,0,1,1,1,1,1,1,1,0,1,0,1,0,0,0,1,1,0,1,1,0,1
1,0,1,1,0,0,1,1,1,1,1,1,0,1,1,1,1,1,0,1,1,0,1,1,0,1
1,0,1,1,0,1,1,1,1,1,1,1,1,1,0,1,1,1,1,1,1,0,1,1,1,1
1,0,1,1,0,1,1,1,0,1,1,1,0,1,1,1,1,1,1,1,1,0,1,1,0,1
1,1,0,1,0,1,1,1,1,1,1,1,1,0,0,1,1,0,1,1,1,0,1,1,1,1
1,1,0,1,0,1,1,1,1,0,0,1,1,0,0,1,1,0,1,0,1,0,0,1,1,0
1,1,1,0,0,1,1,1,0,0,1,1,1,1,0,1,1,1,1,1,1,0,0,0,1,1
1,0,1,1,0,1,1,1,1,1,1,1,1,0,0,1,1,0,1,1,1,0,0,1,1,1
0,1,1,1,0,0,1,0,0,1,1,1,1,0,0,0,0,0,1,0,0,0,1,1,1,0
0,1,0,1,0,0,1,0,1,0,1,1,0,0,0,1,0,1,1,1,1,0,1,1,1,0
0,1,0,1,0,0,1,0,1,0,1,1,1,0,1,0,1,0,0,0,1,0,1,1,0,0
0,0,1,1,0,0,1,1,1,1,0,1,1,0,0,1,0,0,1,0,1,0,1,1,0,0
1,0,0,1,0,1,1,1,1,1,1,1,1,1,0,1,1,1,1,1,0,0,1,1,0,1
1,1,1,1,0,1,0,1,0,0,1,1,1,0,1,1,1,1,0,0,1,1,1,1,0,1
0,1,1,1,0,0,1,1,1,1,1,1,1,0,0,1,1,0,1,1,0,0,0,1,0,0
1,0,1,1,1,0,0,0,0,1,1,1,1,1,0,0,1,1,1,1,1,1,0,0,1,1
0,1,0,0,0,0,1,1,0,0,0,1,0,0,0,1,0,1,1,1,0,0,1,0,0,0
1,0,1,0,0,1,1,0,1,1,1,1,0,1,1,1,0,1,1,1,1,1,0,1,0,1
0,0,1,1,0,1,1,1,1,0,1,0,1,0,0,1,1,1,1,0,1,0,1,1,0,0
0,0,1,1,0,1,1,1,1,1,1,1,0,0,0,1,1,1,1,1,1,0,1,1,1,1
1,0,1,1,0,1,1,1,1,1,1,1,1,1,0,1,0,1,1,0,1,1,0,1,1,1
1,0,1,1,0,1,0,0,0,0,1,1,1,1,1,1,1,1,1,1,1,0,1,1,1,1
0,1,0,1,0,1,1,1,1,1,1,1,1,0,1,0,0,1,0,1,0,0,1,1,1,1
1,1,1,1,0,1,1,1,1,1,1,1,1,1,1,1,1,1,0,1,1,0,1,1,0,1
0,0,1,1,0,1,1,1,0,0,1,1,1,0,1,1,1,1,1,0,0,0,1,1,0,0
1,1,1,1,0,1,1,1,1,1,1,1,1,1,1,1,1,0,1,0,1,0,1,1,1,1
1,0,1,1,0,1,1,1,1,1,1,1,1,0,0,1,1,1,1,1,1,0,1,1,1,1
1,1,0,1,0,0,1,1,1,0,1,1,1,0,0,1,1,1,0,0,0,1,0,1,0,0
1,1,0,1,0,1,1,1,1,1,1,1,1,0,0,1,1,1,1,0,1,0,1,0,1,1
0,0,1,1,0,1,1,1,1,1,1,1,1,0,0,1,1,0,1,1,1,0,1,1,1,1
1,0,1,1,0,1,1,0,1,1,1,1,1,1,0,1,1,1,1,0,1,0,1,1,0,1
1,1,1,1,0,1,1,1,1,1,1,1,1,0,0,1,1,0,0,1,1,0,1,1,1,1
0,0,1,1,0,1,1,1,1,1,1,1,1,0,0,1,1,0,1,1,1,0,1,1,0,1
1,1,1,1,0,0,1,1,1,0,1,1,1,1,0,1,1,1,1,1,1,0,1,1,1,1
1,1,1,1,0,1,1,1,1,0,1,1,1,1,1,1,1,0,1,1,1,0,1,0,0,1
1,0,1,1,0,1,1,1,1,1,1,1,1,1,1,1,1,0,1,1,1,0,1,1,1,1
0,0,1,1,0,1,1,1,1,1,1,1,1,0,0,1,1,1,1,1,1,0,1,1,1,1
1,1,1,1,0,1,1,1,1,1,1,1,1,1,1,1,1,0,1,1,1,0,1,1,1,1
1,1,1,1,0,1,1,1,1,1,1,1,1,1,0,1,1,1,1,1,1,0,1,1,0,1
1,0,1,1,0,1,1,1,1,1,1,1,1,1,0,1,1,1,0,0,1,0,1,1,1,1
1,0,1,1,0,1,1,1,1,1,0,1,1,1,0,1,1,0,1,1,1,0,1,1,0,1
1,0,1,1,0,1,1,1,1,1,1,1,1,1,0,1,1,1,1,1,1,0,1,1,1,1
1,1,1,0,0,0,1,1,1,1,1,1,1,0,0,1,1,1,1,1,1,0,1,1,1,1
1,1,1,1,0,0,1,1,1,1,1,1,1,0,0,1,1,1,1,1,1,0,1,1,1,1
1,1,1,1,0,0,1,1,1,0,1,1,0,0,1,1,1,1,1,1,1,0,1,0,0,1
1,0,1,1,0,1,1,0,1,1,1,1,1,0,0,1,1,0,1,1,1,1,1,1,0,1
0,1,1,1,0,0,0,0,1,0,1,1,0,0,0,1,0,0,0,1,1,0,1,1,0,0
1,0,1,1,0,1,1,1,1,1,1,1,1,1,0,1,1,1,1,1,1,0,1,1,0,1
1,1,1,1,0,1,1,1,1,1,1,1,1,1,0,1,1,1,1,1,1,0,1,1,1,1
1,1,1,1,0,0,1,0,1,1,1,1,1,0,0,1,1,0,1,1,1,0,1,1,1,1
0,0,1,1,0,1,1,1,1,0,1,1,1,1,0,1,1,1,1,1,1,0,1,1,1,1
0,1,1,1,0,1,1,0,0,1,1,1,1,0,0,1,1,1,1,1,1,0,1,1,0,1
1,1,1,1,0,0,1,1,0,1,1,1,1,0,0,1,1,0,1,1,1,0,1,1,1,1
1,1,1,1,0,0,1,0,1,1,1,1,1,1,0,1,1,1,1,1,1,0,1,1,1,1
1,1,1,1,0,1,1,0,1,1,1,1,1,1,0,1,1,0,1,1,1,0,1,1,0,1
1,1,1,1,0,1,1,1,1,0,1,1,1,1,0,1,1,0,1,1,1,0,1,1,0,1
1,0,1,1,0,1,1,1,1,1,1,1,1,1,0,1,1,1,1,1,1,0,0,1,1,1
1,1,1,1,0,1,1,1,1,0,1,1,1,1,0,1,1,0,1,1,1,0,1,1,0,1
1,0,1,1,0,1,1,1,1,1,1,1,1,1,0,1,1,1,1,1,1,0,1,1,1,1
1,0,1,1,0,1,1,1,0,1,1,1,1,1,0,1,1,1,1,1,1,0,1,1,0,1
1,0,1,1,0,1,1,1,1,1,1,1,1,1,0,1,1,1,1,1,1,0,1,1,1,1
0,0,1,1,0,0,1,1,1,0,1,1,1,1,0,1,1,1,1,1,1,0,1,1,1,1
1,1,1,1,0,0,1,1,1,1,1,1,1,0,0,1,1,1,0,1,0,0,1,1,1,1
1,0,1,1,0,0,1,1,1,1,1,1,1,1,0,1,1,1,1,1,1,0,1,1,0,1
0,1,1,1,0,1,1,1,1,0,1,1,1,0,0,1,1,1,1,1,1,0,1,1,1,1
1,0,1,1,0,0,1,1,1,1,1,1,1,1,0,1,1,1,1,1,1,0,1,1,1,1
1,0,1,1,0,1,1,1,1,1,1,1,0,1,0,1,1,1,1,1,1,0,1,1,1,1
1,1,1,1,0,1,1,1,1,1,1,1,1,0,0,1,1,0,1,1,1,0,1,1,1,1
1,0,1,1,0,1,1,0,1,1,1,1,1,0,0,1,1,1,1,1,1,0,1,1,1,1
0,1,1,1,0,1,1,1,1,0,1,1,1,1,0,1,1,1,1,1,1,0,1,1,1,1
1,0,1,1,0,1,1,1,1,0,0,1,0,0,0,1,1,0,1,1,1,0,1,1,1,1
1,1,1,1,0,0,1,1,0,1,1,1,1,1,0,1,1,1,1,1,1,0,1,1,1,1
1,1,1,1,0,1,1,1,1,1,1,1,1,1,0,1,1,0,1,1,1,0,1,1,1,1
1,1,1,1,0,1,1,1,1,1,1,1,1,1,0,1,1,1,1,1,1,0,1,1,1,1
1,0,1,1,0,1,1,1,1,1,1,1,1,1,0,1,1,1,1,1,1,0,1,1,1,1
1,0,1,1,0,1,1,1,1,1,1,1,1,1,0,1,1,1,1,1,1,0,1,1,1,1
1,0,1,1,0,1,1,1,1,1,1,1,1,1,0,1,1,1,1,1,1,0,1,1,1,1
1,1,1,1,0,1,1,1,1,1,1,1,1,0,0,1,1,1,1,1,1,0,1,1,1,1
0,1,1,0,0,1,1,1,1,0,0,0,1,0,0,1,1,0,1,0,1,0,1,1,1,0
0,0,1,1,0,1,1,1,0,0,1,0,1,1,1,1,1,1,0,0,1,0,1,1,0,0
1,1,1,1,0,1,1,1,1,1,1,1,1,1,0,1,1,1,0,1,1,0,1,1,0,1
1,0,1,1,0,1,1,1,0,1,1,1,1,1,0,1,1,1,0,0,1,1,0,1,0,1
1,0,0,0,0,0,1,1,1,1,1,1,1,1,1,1,1,1,1,0,0,0,1,1,1,1
0,1,0,1,0,1,1,1,1,1,1,1,1,0,0,1,1,0,1,1,1,0,1,1,1,1
1,0,1,1,0,1,0,1,1,1,1,1,1,0,0,1,0,0,1,1,1,0,1,1,0,1
1,0,1,1,0,1,1,1,1,1,1,1,1,0,1,1,1,0,0,1,1,0,0,1,1,1
1,1,1,1,0,1,0,0,1,1,1,1,1,1,1,1,0,0,1,0,1,0,1,1,0,1
1,1,1,1,0,1,1,1,1,1,1,0,1,1,0,1,1,1,0,1,0,0,1,1,0,1
1,0,0,1,0,1,1,1,1,0,1,0,0,1,0,1,0,0,1,1,1,0,1,1,1,0
1,1,0,1,0,0,1,1,1,1,1,1,0,0,0,1,1,0,1,1,1,0,1,1,0,1
1,1,1,1,0,0,1,1,1,1,1,1,1,0,0,1,0,0,1,1,1,0,1,1,0,1
0,1,1,1,0,1,1,1,1,1,1,1,1,0,0,1,0,1,1,1,1,0,1,1,0,1
1,0,1,1,0,1,1,1,1,1,1,1,1,0,0,1,1,0,1,0,1,1,1,1,0,1
0,0,1,1,0,0,1,0,1,1,1,1,1,0,0,1,0,1,1,1,1,0,1,1,0,0
0,0,1,1,0,1,0,1,1,1,1,0,0,0,0,1,1,0,1,1,1,1,0,1,1,0
1,1,1,1,0,1,1,1,0,1,0,0,1,1,1,1,1,1,1,1,1,1,1,1,0,1
0,1,0,1,0,1,1,1,0,1,1,1,1,0,0,1,0,1,1,1,1,0,1,1,0,1
1,0,0,1,0,1,1,1,1,1,1,1,1,0,0,0,1,1,1,1,0,0,0,1,0,0
1,0,0,0,0,1,1,1,1,1,0,0,1,0,0,1,1,0,1,1,1,0,1,1,0,0
1,1,0,1,0,1,1,1,1,1,1,1,1,0,0,1,0,0,1,1,1,0,1,1,1,1
1,1,0,1,0,1,1,1,1,1,1,1,1,0,0,1,0,1,1,1,0,0,1,1,1,1
1,0,1,1,0,1,1,1,1,1,0,0,1,0,1,1,0,0,1,1,1,0,1,1,1,1
1,0,1,1,0,1,1,1,0,1,1,0,1,0,0,1,0,1,1,1,1,0,1,0,1,1
0,0,1,0,0,1,0,0,1,1,0,0,0,1,0,1,0,1,1,0,0,0,1,0,0,0
1,0,0,0,0,0,0,0,0,0,1,0,1,1,1,1,1,1,0,0,1,0,1,1,0,0
0,0,0,0,0,1,1,1,1,1,1,0,1,1,0,0,0,1,0,0,0,0,0,1,1,0
0,0,1,1,0,1,1,1,1,0,1,0,1,0,0,0,0,1,1,0,0,0,1,1,0,0
1,0,1,1,0,1,1,1,1,1,1,1,1,0,0,1,1,1,1,1,0,0,1,1,1,1
1,0,1,1,0,1,1,1,1,1,1,0,1,0,0,1,1,1,1,1,1,0,1,1,1,1
1,0,0,1,0,0,1,1,1,1,1,0,1,0,0,1,1,0,1,1,1,0,1,1,1,1
1,0,1,1,1,0,0,1,1,1,1,1,1,1,0,1,0,1,1,0,1,0,1,1,0,1
1,0,0,1,0,1,1,1,1,1,0,0,1,0,0,1,1,1,1,1,0,0,1,1,0,0
0,0,1,1,0,1,1,1,0,1,1,0,1,1,1,1,1,1,1,1,0,1,1,1,0,1
1,0,1,1,0,0,1,0,1,1,0,0,1,1,0,1,1,0,0,0,0,0,0,1,1,0
1,0,1,1,0,1,1,1,1,1,1,1,1,0,1,1,1,1,1,1,1,0,1,1,1,1
1,0,1,1,0,0,1,1,1,0,1,0,1,0,0,1,1,0,1,1,1,0,1,1,0,0
1,1,1,1,0,1,1,0,0,1,0,0,1,0,0,1,0,0,1,1,0,0,1,1,1,0
1,0,1,1,0,1,1,1,1,1,1,0,1,1,1,1,1,1,0,1,0,1,1,1,0,1
1,0,1,1,0,0,1,1,0,1,1,1,1,0,1,1,1,0,0,1,0,0,1,1,1,1
1,0,1,1,0,1,1,0,0,1,1,1,1,0,1,0,0,0,1,1,1,0,0,0,1,0
1,0,0,1,0,1,1,1,1,1,1,1,1,0,0,1,0,0,1,1,1,0,1,1,0,1
0,0,1,1,1,0,1,1,1,0,1,0,1,0,1,1,1,1,1,1,0,0,1,1,0,1
0,0,1,1,0,1,1,1,1,1,1,0,1,0,0,1,1,1,0,1,1,0,0,1,1,1
1,0,0,1,0,1,1,1,1,1,1,0,1,0,0,1,1,1,1,1,1,0,1,1,0,1
1,0,0,1,0,0,1,1,1,1,1,0,1,0,0,1,0,1,1,0,1,1,1,1,0,0
0,1,1,1,0,0,1,1,0,1,1,0,1,0,0,1,0,0,1,1,0,0,1,1,0,0
0,0,0,1,0,1,1,1,1,1,1,1,1,1,1,1,1,1,1,1,1,1,1,1,1,1
1,0,1,1,0,1,1,1,1,1,1,0,1,1,1,1,1,1,0,1,1,0,0,1,1,1
0,1,0,0,1,1,1,1,1,1,0,0,1,0,1,1,1,1,1,1,0,0,0,1,1,1
0,0,0,1,0,1,1,1,1,1,1,0,1,0,0,1,1,1,1,0,1,0,1,1,0,0
0,1,1,1,0,0,1,1,0,1,1,0,1,0,0,1,0,0,1,1,0,0,1,1,0,0
0,0,0,1,0,1,1,1,1,1,1,1,1,1,1,1,1,1,1,1,1,1,1,1,1,1
1,0,1,1,0,1,1,1,1,1,1,0,1,1,1,1,1,1,0,1,1,0,0,1,1,1
0,1,0,0,1,1,1,1,1,1,0,0,1,0,1,1,1,1,1,1,0,0,0,1,1,1
0,0,0,1,0,1,1,1,1,1,1,0,1,0,0,1,1,1,1,0,1,0,1,1,0,0
1,1,1,1,0,0,1,1,1,0,1,1,1,1,0,1,0,0,1,0,0,0,1,1,1,1
0,0,0,0,0,1,1,1,1,1,1,1,1,0,0,0,1,1,1,1,0,0,1,1,0,0
1,0,1,1,0,0,1,1,1,1,1,0,0,0,1,1,1,0,1,1,1,0,1,1,0,1
0,1,0,1,0,0,1,1,1,1,1,0,1,0,0,0,0,1,0,1,1,0,1,1,1,0
1,0,1,1,0,1,1,1,1,1,1,0,1,1,1,1,0,1,1,1,1,0,1,1,0,1
1,0,1,0,0,0,1,1,1,1,1,0,1,1,1,1,0,0,1,1,1,0,1,1,0,1
1,0,1,1,0,1,1,1,1,1,1,0,1,0,0,1,1,0,0,1,0,0,1,1,0,0
1,0,1,1,0,1,1,1,1,1,1,1,1,0,1,1,1,0,0,0,1,1,1,1,0,1
1,1,0,1,1,1,0,1,1,1,0,0,0,0,0,1,0,0,1,1,1,0,0,0,1,0
0,1,1,1,1,0,1,0,1,0,0,1,0,0,0,0,0,1,1,1,0,0,1,1,0,0
0,1,1,1,0,1,1,0,1,1,0,1,1,0,0,1,0,0,1,1,0,0,1,1,0,0
1,1,1,1,0,0,1,1,1,0,1,1,1,1,0,1,0,0,1,0,0,0,1,1,0,0
1,1,0,1,0,1,1,0,0,0,1,1,1,1,0,1,1,0,1,1,1,0,1,0,0,0
1,0,1,1,0,0,1,1,1,1,1,1,1,1,0,1,0,1,1,1,1,0,1,1,0,1
1,0,1,1,1,1,1,1,1,1,1,0,1,0,1,1,1,1,0,1,1,1,0,1,0,1
1,0,1,1,1,1,1,1,1,1,1,0,1,1,1,1,1,1,1,1,1,0,1,1,1,1
0,0,0,1,0,1,1,1,1,0,1,1,0,0,0,1,1,0,0,0,0,0,1,1,0,0
1,0,1,1,0,1,1,1,0,0,0,0,1,1,0,1,1,1,1,0,1,0,1,1,1,1
0,0,1,1,0,0,1,0,1,1,1,1,0,0,0,1,0,1,0,1,0,0,1,1,1,0
0,1,0,1,0,0,0,1,0,1,0,1,0,0,0,1,0,0,1,0,0,0,1,1,0,0
0,1,0,1,0,0,0,1,0,1,0,1,0,0,0,1,0,0,1,0,0,0,1,1,0,0
1,0,1,1,0,0,1,1,0,1,1,1,1,1,1,1,1,1,1,1,0,0,1,1,0,1
1,0,1,1,0,1,0,1,1,1,0,0,0,0,1,1,1,1,1,1,0,0,1,1,1,1
0,0,1,0,0,0,1,1,1,1,1,1,1,1,0,1,1,1,1,0,1,0,1,1,0,1
1,1,0,1,0,1,1,0,0,0,1,1,0,1,1,1,1,0,1,1,0,1,1,0,1,1
0,1,0,1,0,0,1,0,0,1,0,0,0,1,0,1,0,0,0,0,0,0,1,1,0,0
1,0,0,1,0,1,0,1,0,1,1,1,1,1,0,1,1,0,1,1,0,1,1,1,0,1
1,0,0,1,0,1,0,1,0,1,1,1,1,1,0,1,1,0,1,1,1,1,1,1,0,1
1,1,1,1,0,0,1,0,1,1,1,0,1,0,0,1,1,1,0,0,1,0,1,1,1,1
1,1,1,1,0,1,0,0,1,1,0,0,0,0,0,1,1,0,1,0,1,0,1,0,1,0
1,0,1,1,0,1,1,1,0,0,0,0,1,0,0,1,1,0,1,1,1,0,0,1,1,0
1,1,0,1,0,1,1,1,1,1,1,1,0,0,1,0,0,0,0,1,1,0,0,1,1,0
1,1,1,1,0,1,1,1,1,1,0,0,0,0,1,1,1,1,0,1,1,0,1,1,1,1
1,0,1,1,0,1,1,1,1,0,1,1,0,1,0,1,1,1,0,0,1,0,1,1,1,1
1,0,1,1,0,1,1,1,1,1,1,1,0,1,1,0,1,0,1,0,1,0,1,1,0,1
1,1,1,1,0,0,1,1,1,1,1,1,1,1,0,1,1,1,1,1,1,0,1,1,0,1
1,1,0,1,0,0,1,0,1,1,1,1,0,1,0,1,1,1,1,1,1,0,1,1,1,1
1,1,0,1,0,1,1,0,1,1,1,1,0,1,0,1,1,1,1,1,1,0,1,1,1,1
1,0,1,1,1,1,1,1,1,1,1,0,1,0,1,1,1,1,0,1,1,0,0,1,1,1
1,1,1,1,0,1,1,1,1,0,1,1,1,0,0,1,1,0,1,1,1,0,1,1,0,1
1,1,1,1,0,0,1,1,1,0,1,1,1,1,0,1,0,0,1,1,1,0,1,1,0,1
1,0,1,1,1,1,1,1,1,1,1,0,1,0,1,1,1,1,0,1,1,0,0,1,0,1
1,0,1,1,1,1,1,1,1,1,0,0,1,1,0,1,1,1,1,1,1,0,1,1,0,1
1,1,1,1,0,0,1,0,1,1,1,1,1,0,0,1,1,0,1,1,1,0,1,1,0,1
1,0,1,1,0,1,1,1,1,0,1,1,1,1,1,1,1,1,1,1,1,0,1,1,1,1
1,1,1,1,0,0,1,1,1,1,1,1,1,0,0,1,1,1,1,1,1,0,1,1,0,1
1,1,0,1,0,1,1,1,1,1,1,0,1,1,0,1,0,1,1,1,1,1,1,1,0,1
1,0,1,1,0,1,1,1,0,0,1,0,1,1,1,1,1,1,0,0,1,0,1,1,0,1
0,0,0,1,0,1,1,1,1,1,1,1,1,1,1,1,1,1,1,0,1,0,1,1,1,1
1,1,1,1,1,1,1,1,1,1,0,0,0,0,0,1,0,0,1,1,0,0,1,1,1,1
1,0,1,1,0,1,1,1,1,1,1,1,1,1,1,1,1,1,1,1,1,0,1,1,1,1
1,0,1,1,0,1,1,1,1,0,1,1,1,0,0,1,1,1,1,0,1,1,1,1,1,1
0,1,1,1,0,1,1,1,1,1,0,1,1,0,0,1,0,1,1,1,0,0,1,1,0,1
1,1,0,1,0,1,1,1,1,1,1,1,1,0,0,1,0,1,1,1,0,0,1,0,1,1
1,0,1,1,0,0,1,1,1,1,1,1,1,1,0,1,0,1,1,1,0,0,1,1,1,1
0,1,0,0,1,0,0,1,0,0,0,1,1,0,0,1,1,0,1,0,1,0,1,0,0,0
1,0,0,1,0,1,1,1,1,1,1,1,1,0,0,0,0,1,0,1,1,0,0,0,0,0
1,0,1,1,0,1,1,0,1,1,1,1,0,1,0,1,1,1,0,1,1,0,1,0,0,1
1,0,1,1,1,1,1,1,0,1,0,1,1,1,1,0,0,0,1,1,0,0,1,0,0,0
1,1,1,1,0,1,0,1,1,0,0,0,0,1,0,0,0,0,0,1,0,1,0,0,0,0
0,1,1,1,0,1,1,1,1,1,1,1,1,0,0,1,0,1,1,1,0,0,1,1,1,1
1,0,1,1,0,1,0,0,1,0,1,1,0,1,0,1,1,1,0,0,1,0,1,1,0,0
1,1,1,1,0,1,1,1,1,1,1,1,0,1,1,0,1,0,1,1,0,0,0,1,1,1
1,1,1,1,0,1,1,1,1,1,1,1,1,0,1,1,1,1,1,1,1,1,0,1,0,1
1,1,1,1,0,0,1,1,1,1,1,1,1,0,0,1,1,0,0,1,1,0,1,1,1,1
1,1,1,1,0,1,1,1,1,0,1,1,1,0,0,1,1,1,1,0,1,0,1,1,1,1
1,0,0,1,0,0,1,1,1,0,1,1,1,1,1,1,1,1,1,1,1,0,1,1,0,1
1,0,1,1,0,1,1,1,1,1,1,1,0,1,0,1,1,1,0,1,1,0,1,1,0,1
1,0,1,1,1,1,1,1,0,1,1,0,1,1,1,1,1,1,1,1,1,0,1,1,0,1
1,0,1,1,0,0,1,1,1,1,1,1,1,0,1,1,0,1,0,0,0,1,0,1,1,1
1,0,0,1,1,1,1,1,1,1,1,1,1,1,1,1,1,1,1,1,1,0,1,1,1,1
1,0,0,1,0,1,1,1,1,1,1,0,1,1,0,1,1,0,0,1,0,0,1,1,0,0
0,1,1,1,0,0,1,0,0,1,0,1,0,0,0,0,1,1,1,1,1,0,0,1,1,0
1,1,1,0,0,1,1,1,1,0,1,1,1,0,0,1,0,0,1,0,1,0,1,0,0,0
1,0,0,0,0,1,0,0,0,1,1,0,0,1,0,1,1,0,1,0,0,0,1,0,0,0
0,0,0,1,0,1,1,1,1,0,1,1,0,1,0,1,1,1,1,1,1,0,1,1,0,1
0,0,0,0,0,0,1,1,1,1,1,1,0,1,0,1,1,1,0,1,1,0,1,1,0,0
1,0,1,0,0,1,0,0,1,0,1,1,1,0,0,1,1,0,1,1,0,1,0,0,1,0
0,0,0,1,0,0,1,1,1,1,1,1,1,0,0,0,0,1,1,0,0,0,1,1,1,0
0,0,1,1,0,0,0,0,0,0,1,1,0,0,0,0,0,0,0,0,0,0,1,0,0,0
0,0,1,0,0,1,1,1,1,0,1,1,1,1,0,1,1,1,1,1,1,0,1,1,1,1
0,0,0,0,1,1,1,0,1,1,0,1,1,0,0,1,1,0,1,1,1,0,1,1,0,0
1,0,1,1,0,1,1,1,1,1,1,1,0,0,1,1,1,1,0,1,0,1,0,1,0,1
0,1,1,1,0,1,1,1,1,1,0,1,1,1,0,1,1,1,0,1,1,1,1,1,1,1
1,1,0,1,0,0,1,1,1,0,1,1,1,1,1,1,1,1,1,1,1,0,1,1,0,1
1,0,0,1,0,1,1,1,1,1,1,1,1,1,0,1,1,1,1,1,1,1,1,1,1,1
1,1,1,0,0,0,0,0,1,1,1,1,0,0,0,0,0,0,0,1,0,0,1,0,1,0
0,1,0,1,0,1,1,1,1,1,1,1,1,1,0,1,1,0,1,1,1,1,1,1,1,1
0,1,1,1,0,1,0,0,0,0,1,0,0,1,0,0,0,0,0,0,1,0,1,1,0,0
0,0,1,1,0,1,1,0,0,0,1,1,1,0,0,1,1,1,1,1,1,0,1,1,1,1
0,0,1,0,0,1,1,1,0,1,0,1,1,1,0,1,1,1,1,1,1,0,1,1,0,1
1,0,1,1,0,1,1,1,1,1,1,1,1,1,0,1,1,1,1,1,1,0,1,1,1,1
1,0,1,1,0,1,1,1,1,1,1,1,1,0,0,1,1,0,1,1,0,0,1,1,0,1
1,0,1,0,0,1,1,1,0,1,1,1,0,0,0,1,0,1,1,0,1,0,1,1,0,0
1,1,1,1,0,0,1,1,1,0,1,0,0,0,0,0,0,0,0,1,0,0,1,1,1,0
1,1,0,1,0,1,0,1,1,1,1,1,1,1,0,1,1,1,1,1,1,0,1,1,1,1
0,0,0,0,0,0,1,0,0,0,0,1,1,0,1,0,1,0,0,0,1,0,1,0,0,0
1,1,1,1,0,1,1,0,0,0,1,1,1,1,0,1,1,1,1,1,1,0,1,1,0,1
1,0,1,1,0,1,1,1,1,1,0,1,1,1,1,1,1,1,1,1,1,1,1,1,1,1
1,0,0,1,0,0,1,1,1,0,0,0,1,1,1,1,1,1,1,1,1,0,1,1,1,1
1,0,0,1,0,0,1,1,1,1,1,0,1,0,0,1,1,0,1,1,0,0,1,1,1,0
1,0,0,1,0,1,1,1,1,1,1,1,1,1,0,1,1,1,1,1,1,0,1,1,1,1
1,0,0,1,1,1,1,1,1,1,1,1,1,1,0,1,1,1,1,1,0,0,1,1,0,1
1,1,1,1,0,1,0,1,1,1,1,1,1,0,0,1,1,0,1,1,0,0,0,1,0,1
1,0,0,1,0,0,1,0,0,0,0,0,0,0,0,1,1,1,1,0,1,1,1,1,0,0
1,0,0,1,0,1,1,0,1,1,0,1,1,1,1,1,1,1,1,0,1,0,1,1,0,1
0,0,1,1,0,1,1,1,1,1,1,1,0,1,0,1,1,1,0,1,1,0,0,1,1,1
0,0,1,0,0,0,1,1,1,1,0,1,1,1,0,1,1,1,1,1,0,1,1,0,1,1
0,1,1,1,1,1,0,0,0,1,0,1,1,0,0,1,1,1,1,1,0,0,1,1,0,0
1,0,1,1,0,1,1,1,0,1,1,0,1,1,0,1,1,0,0,1,1,0,1,1,1,1
1,1,1,1,0,0,1,1,1,1,0,1,1,1,0,1,1,1,0,0,1,0,0,1,0,1
1,0,0,1,0,1,1,1,1,1,1,1,1,0,0,1,0,1,0,1,0,0,1,1,1,1
1,0,1,1,0,1,1,1,1,1,1,1,1,0,0,1,0,1,1,1,0,0,1,1,0,1
1,1,1,1,0,1,1,1,0,0,1,1,0,1,0,1,1,1,1,0,0,0,1,0,0,0
1,0,0,1,0,0,1,1,1,1,1,0,1,0,0,1,0,1,1,0,1,0,1,1,0,0
1,0,0,1,0,1,1,1,1,1,1,1,0,1,0,1,1,1,1,1,1,0,1,1,0,1
1,0,0,1,0,1,1,1,1,1,1,0,1,1,0,1,1,1,1,1,1,0,1,1,1,1
1,0,1,1,0,1,1,1,1,1,1,1,1,1,1,1,1,1,1,1,1,0,1,1,1,1
1,0,1,1,0,1,1,1,1,1,1,1,1,1,0,1,1,1,1,0,1,1,1,1,1,1
1,0,1,1,0,1,1,1,1,1,1,1,1,0,1,1,0,1,1,1,1,0,1,1,0,1
1,0,1,1,0,1,0,1,1,1,1,1,1,1,0,1,1,1,0,1,1,0,1,1,0,1
1,0,1,1,0,1,1,1,1,1,1,1,0,0,0,1,1,0,0,0,0,0,1,1,1,0
0,1,1,1,1,0,0,0,0,1,0,1,1,0,0,1,1,1,1,1,0,0,1,0,0,0
1,0,1,1,0,1,1,1,1,1,1,1,0,1,0,1,0,0,0,1,1,0,1,1,0,1
1,0,1,1,0,0,1,1,1,1,1,1,0,1,1,1,1,1,0,1,1,0,1,1,0,1
1,0,1,1,0,1,1,1,1,1,1,1,1,1,0,1,1,1,1,1,1,0,1,1,1,1
1,0,1,1,0,1,1,1,0,1,1,1,0,1,1,1,1,1,1,1,1,0,1,1,0,1
1,1,0,1,0,1,1,1,1,1,1,1,1,0,0,1,1,0,1,1,1,0,1,1,1,1
1,1,0,1,0,1,1,1,1,0,0,1,1,0,0,1,1,0,1,0,1,0,0,1,1,0
1,1,1,0,0,1,1,1,0,0,1,1,1,1,0,1,1,1,1,1,1,0,0,0,1,1
1,0,1,1,0,1,1,1,1,1,1,1,1,0,0,1,1,0,1,1,1,0,0,1,1,1
0,1,1,1,0,0,1,0,0,1,1,1,1,0,0,0,0,0,1,0,0,0,1,1,1,0
0,1,0,1,0,0,1,0,1,0,1,1,0,0,0,1,0,1,1,1,1,0,1,1,1,0
0,1,0,1,0,0,1,0,1,0,1,1,1,0,1,0,1,0,0,0,1,0,1,1,0,0
0,0,1,1,0,0,1,1,1,1,0,1,1,0,0,1,0,0,1,0,1,0,1,1,0,0
1,0,0,1,0,1,1,1,1,1,1,1,1,1,0,1,1,1,1,1,0,0,1,1,0,1
1,1,1,1,0,1,0,1,0,0,1,1,1,0,1,1,1,1,0,0,1,1,1,1,0,1
0,1,1,1,0,0,1,1,1,1,1,1,1,0,0,1,1,0,1,1,0,0,0,1,0,0
1,0,1,1,1,0,0,0,0,1,1,1,1,1,0,0,1,1,1,1,1,1,0,0,1,1
0,1,0,0,0,0,1,1,0,0,0,1,0,0,0,1,0,1,1,1,0,0,1,0,0,0
1,0,1,0,0,1,1,0,1,1,1,1,0,1,1,1,0,1,1,1,1,1,0,1,0,1
0,0,1,1,0,1,1,1,1,0,1,0,1,0,0,1,1,1,1,0,1,0,1,1,0,0
0,0,1,1,0,1,1,1,1,1,1,1,0,0,0,1,1,1,1,1,1,0,1,1,1,1
1,0,1,1,0,1,1,1,1,1,1,1,1,1,0,1,0,1,1,0,1,1,0,1,1,1
1,0,1,1,0,1,0,0,0,0,1,1,1,1,1,1,1,1,1,1,1,0,1,1,1,1
0,1,0,1,0,1,1,1,1,1,1,1,1,0,1,0,0,1,0,1,0,0,1,1,1,1
1,1,1,1,0,1,1,1,1,1,1,1,1,1,1,1,1,1,0,1,1,0,1,1,0,1
0,0,1,1,0,1,1,1,0,0,1,1,1,0,1,1,1,1,1,0,0,0,1,1,0,0
1,1,1,1,0,1,1,1,1,1,1,1,1,1,1,1,1,0,1,0,1,0,1,1,1,1
1,0,1,1,0,1,1,1,1,1,1,1,1,0,0,1,1,1,1,1,1,0,1,1,1,1
1,1,0,1,0,0,1,1,1,0,1,1,1,0,0,1,1,1,0,0,0,1,0,1,0,0
1,1,0,1,0,1,1,1,1,1,1,1,1,0,0,1,1,1,1,0,1,0,1,0,1,1
